-- phpMyAdmin SQL Dump
-- version 4.9.0.1
-- https://www.phpmyadmin.net/
--
-- 主機： 127.0.0.1
-- 產生時間： 
-- 伺服器版本： 10.3.16-MariaDB
-- PHP 版本： 7.1.30

SET SQL_MODE = "NO_AUTO_VALUE_ON_ZERO";
SET AUTOCOMMIT = 0;
START TRANSACTION;
SET time_zone = "+00:00";


/*!40101 SET @OLD_CHARACTER_SET_CLIENT=@@CHARACTER_SET_CLIENT */;
/*!40101 SET @OLD_CHARACTER_SET_RESULTS=@@CHARACTER_SET_RESULTS */;
/*!40101 SET @OLD_COLLATION_CONNECTION=@@COLLATION_CONNECTION */;
/*!40101 SET NAMES utf8mb4 */;

--
-- 資料庫： `aien07`
--

-- --------------------------------------------------------

--
-- 資料表結構 `address_book`
--

CREATE TABLE `address_book` (
  `sid` int(11) NOT NULL,
  `name` varchar(255) NOT NULL,
  `email` varchar(255) NOT NULL,
  `mobile` varchar(255) NOT NULL,
  `birthday` date NOT NULL,
  `address` varchar(255) NOT NULL,
  `is_delete` tinyint(1) NOT NULL DEFAULT 0,
  `created_at` datetime NOT NULL
) ENGINE=InnoDB DEFAULT CHARSET=utf8;

--
-- 傾印資料表的資料 `address_book`
--

INSERT INTO `address_book` (`sid`, `name`, `email`, `mobile`, `birthday`, `address`, `is_delete`, `created_at`) VALUES
(1, '李小明', 'mmm@ggg.com', '0918333666', '1990-03-02', '台北市', 0, '2020-04-21 14:44:47'),
(2, '李小明1', 'mmm1@ggg.com', '0918333666', '1990-03-02', '台北市', 0, '2020-04-21 14:44:47'),
(3, '李小明2', 'mmm1@ggg.com', '0918333666', '1990-03-02', '台北市', 0, '2020-04-21 14:44:47'),
(4, '李小明3', 'mmm1@ggg.com', '0918333666', '1990-03-02', '台北市', 0, '2020-04-21 14:44:47'),
(5, '李小明4', 'mmm1@ggg.com', '0918333666', '1990-03-02', '台北市', 0, '2020-04-21 14:44:47'),
(6, '李小明5', 'mmm1@ggg.com', '0918333666', '1990-03-02', '台北市', 0, '2020-04-21 14:44:47'),
(7, '李小明6', 'mmm1@ggg.com', '0918333666', '1990-03-02', '台北市', 0, '2020-04-21 14:44:47'),
(8, '李小明7', 'mmm1@ggg.com', '0918333666', '1990-03-02', '台北市', 0, '2020-04-21 14:44:47'),
(9, '李小明8', 'mmm1@ggg.com', '0918333666', '1990-03-02', '台北市', 0, '2020-04-21 14:44:47'),
(10, '李小明9', 'mmm1@ggg.com', '0918333666', '1990-03-02', '台北市', 0, '2020-04-21 14:44:47'),
(11, '李小明10', 'mmm1@ggg.com', '0918333666', '1990-03-02', '台北市', 0, '2020-04-21 14:44:47'),
(12, '李小明10', 'mmm1@ggg.com', '0918333666', '1990-03-02', '台北市', 0, '2020-04-21 14:44:47');

-- --------------------------------------------------------

--
-- 資料表結構 `admins`
--

CREATE TABLE `admins` (
  `sid` int(11) NOT NULL,
  `account` varchar(255) NOT NULL,
  `nickname` varchar(255) NOT NULL,
  `password` varchar(255) NOT NULL
) ENGINE=InnoDB DEFAULT CHARSET=utf8mb4;

--
-- 傾印資料表的資料 `admins`
--

INSERT INTO `admins` (`sid`, `account`, `nickname`, `password`) VALUES
(1, 'm061i6', '原博', '1d396adbaffac6531509624f2ad49fc4bfa503ef');

-- --------------------------------------------------------

--
-- 資料表結構 `area`
--

CREATE TABLE `area` (
  `area_id` int(11) NOT NULL,
  `area_name` varchar(255) NOT NULL
) ENGINE=InnoDB DEFAULT CHARSET=utf8mb4;

--
-- 傾印資料表的資料 `area`
--

INSERT INTO `area` (`area_id`, `area_name`) VALUES
(1, '陽明山國家公園'),
(2, '玉山國家公園'),
(3, '雪霸國家公園'),
(4, '墾丁國家公園'),
(5, '太魯閣國家公園'),
(6, '金門國家公園');

-- --------------------------------------------------------

--
-- 資料表結構 `city`
--

CREATE TABLE `city` (
  `city_id` int(11) NOT NULL,
  `city_name` varchar(255) NOT NULL
) ENGINE=InnoDB DEFAULT CHARSET=utf8mb4;

--
-- 傾印資料表的資料 `city`
--

INSERT INTO `city` (`city_id`, `city_name`) VALUES
(1, '基隆市'),
(2, '台北市'),
(3, '新北市'),
(4, '桃園縣'),
(5, '新竹市'),
(6, '新竹縣'),
(7, '苗栗縣'),
(8, '台中市'),
(9, '彰化縣'),
(10, '南投縣'),
(11, '雲林縣'),
(12, '嘉義市'),
(13, '嘉義縣'),
(14, '台南市'),
(15, '高雄市'),
(16, '屏東縣'),
(17, '台東縣'),
(18, '花蓮縣'),
(19, '宜蘭縣'),
(20, '澎湖縣'),
(21, '金門縣'),
(22, '連江縣');

-- --------------------------------------------------------

--
-- 資料表結構 `type`
--

CREATE TABLE `type` (
  `type_id` int(11) NOT NULL,
  `type_name` varchar(255) NOT NULL
) ENGINE=InnoDB DEFAULT CHARSET=utf8mb4;

--
-- 傾印資料表的資料 `type`
--

INSERT INTO `type` (`type_id`, `type_name`) VALUES
(1, '國家公園'),
(2, '國家級風景特定區'),
(3, '直轄市及縣(市)級風景特定區'),
(4, '森林遊樂區'),
(5, '休閒農業區及休閒農場'),
(6, '觀光地區'),
(7, '博物館'),
(8, '宗教場所'),
(9, '其他');

-- --------------------------------------------------------

--
-- 資料表結構 `viewpoint`
--

CREATE TABLE `viewpoint` (
  `auto_id` int(11) NOT NULL,
  `type` int(11) NOT NULL,
  `area` int(11) NOT NULL,
  `name` varchar(255) NOT NULL,
  `city` int(11) NOT NULL,
  `remark` varchar(255) NOT NULL
) ENGINE=InnoDB DEFAULT CHARSET=utf8mb4;

--
-- 傾印資料表的資料 `viewpoint`
--

INSERT INTO `viewpoint` (`auto_id`, `type`, `area`, `name`, `city`, `remark`) VALUES
(1, 1, 1, '陽明山遊客中心', 2, '計數器'),
(2, 1, 1, '陽明書屋', 2, '計數器'),
(3, 1, 1, '陽明公園', 2, '以門票數計算'),
(4, 1, 1, '大屯遊憩區', 2, '管理員估算'),
(5, 1, 1, '龍鳳谷遊憩區', 2, '停車場車輛數及電子計數器推估'),
(6, 1, 1, '小油坑遊憩區', 2, '停車場車輛數及電子計數器推估'),
(7, 1, 1, '冷水坑', 2, '停車場車輛數及電子計數器推估'),
(8, 1, 1, '擎天崗', 2, '停車場車輛數及電子計數器推估'),
(9, 1, 2, '塔塔加遊憩區', 10, '交通流量監測系統自動偵測'),
(10, 1, 2, '梅山遊客中心', 15, '紅外線計數器自動偵測'),
(11, 1, 2, '南安遊客中心', 18, '交通流量監測系統自動偵測'),
(12, 1, 2, '玉山管理處遊客服務中心', 10, '紅外線計數器自動偵測'),
(13, 1, 2, '排雲山莊', 10, '核准進入玉山主群峰線人數'),
(14, 1, 3, '汶水遊客中心', 7, '參觀團體及計數器計算'),
(15, 1, 3, '觀霧遊客中心', 7, '人工計數器'),
(16, 1, 3, '雪見遊憩區', 7, '人工計數器'),
(17, 1, 3, '武陵遊客中心', 8, '參觀團體及計數器計算'),
(18, 1, 4, '墾丁國家公園管理處遊客中心', 16, '紅外線計數器自動偵測'),
(19, 1, 4, '鵝鑾鼻公園', 16, '門票數'),
(20, 1, 4, '貓鼻頭公園', 16, '門票數'),
(21, 1, 4, '佳樂水', 16, '門票數'),
(22, 1, 4, '社頂自然公園', 16, '車輛平均承載率估算'),
(23, 1, 4, '南灣遊憩區', 16, '車輛平均承載率估算'),
(24, 1, 4, '龍鑾潭自然中心', 16, '來賓登記表'),
(25, 1, 4, '砂島貝殼砂展示館', 16, '人工計數器'),
(26, 1, 5, '太魯閣國家公園遊客中心', 18, '計數器及參觀簡報人次估算'),
(27, 1, 5, '布洛灣遊憩區', 18, '計數器及參觀簡報人次估算'),
(28, 1, 5, '臺八線沿線景觀區', 18, '交通流量監測系統'),
(29, 1, 6, '中山林遊客中心', 21, '人工計數器'),
(30, 1, 6, '翟山坑道', 21, '人工計數器'),
(31, 1, 6, '雙鯉溼地自然中心', 21, '人工計數器'),
(32, 1, 6, '古寧頭戰史館', 21, '人工計數器'),
(33, 1, 6, '九宮(四維)坑道', 21, '人工計數器'),
(34, 1, 6, '八二三砲戰紀念館', 21, '人工計數器'),
(35, 1, 6, '湖井頭戰史館', 21, '人工計數器'),
(36, 1, 6, '金水學校', 21, '人工計數器'),
(37, 1, 6, '蔣經國先生紀念館', 21, '人工計數器'),
(38, 1, 6, '民俗文化村', 21, '人工計數器'),
(39, 1, 6, '得月樓', 21, '人工計數器');

-- --------------------------------------------------------

--
-- 替換檢視表以便查看 `view_viewpoint`
-- (請參考以下實際畫面)
--
CREATE TABLE `view_viewpoint` (
`auto_id` int(11)
,`type_id` int(11)
,`type_name` varchar(255)
,`area_id` int(11)
,`area_name` varchar(255)
,`city_id` int(11)
,`city_name` varchar(255)
,`name` varchar(255)
,`remark` varchar(255)
);

-- --------------------------------------------------------

--
-- 資料表結構 `visitors`
--

CREATE TABLE `visitors` (
  `auto_id` int(11) NOT NULL,
  `v_id` int(11) NOT NULL,
  `visitors` int(11) NOT NULL,
  `year` int(11) NOT NULL,
  `month` int(11) NOT NULL
) ENGINE=InnoDB DEFAULT CHARSET=utf8mb4;

--
-- 傾印資料表的資料 `visitors`
--

INSERT INTO `visitors` (`auto_id`, `v_id`, `visitors`, `year`, `month`) VALUES
(1, 1, 16358, 2019, 1),
(2, 1, 34154, 2019, 2),
(3, 1, 19223, 2019, 3),
(4, 1, 22918, 2019, 4),
(5, 1, 18408, 2019, 5),
(6, 1, 20368, 2019, 6),
(7, 1, 20841, 2019, 7),
(8, 1, 21888, 2019, 8),
(9, 1, 13500, 2019, 9),
(10, 1, 17686, 2019, 10),
(11, 1, 16880, 2019, 11),
(12, 1, 15873, 2019, 12),
(13, 2, 8761, 2019, 1),
(14, 2, 12488, 2019, 2),
(15, 2, 2415, 2019, 3),
(16, 2, 11296, 2019, 4),
(17, 2, 10862, 2019, 5),
(18, 2, 10557, 2019, 6),
(19, 2, 13671, 2019, 7),
(20, 2, 11650, 2019, 8),
(21, 2, 7134, 2019, 9),
(22, 2, 9475, 2019, 10),
(23, 2, 10703, 2019, 11),
(24, 2, 8483, 2019, 12),
(25, 3, 10340, 2019, 1),
(26, 3, 362770, 2019, 2),
(27, 3, 616450, 2019, 3),
(28, 3, 35100, 2019, 4),
(29, 3, 28300, 2019, 5),
(30, 3, 26400, 2019, 6),
(31, 3, 14400, 2019, 7),
(32, 3, 13300, 2019, 8),
(33, 3, 13500, 2019, 9),
(34, 3, 9800, 2019, 10),
(35, 3, 9400, 2019, 11),
(36, 3, 9300, 2019, 12),
(37, 4, 28853, 2019, 1),
(38, 4, 76943, 2019, 2),
(39, 4, 48256, 2019, 3),
(40, 4, 58579, 2019, 4),
(41, 4, 51847, 2019, 5),
(42, 4, 45953, 2019, 6),
(43, 4, 80894, 2019, 7),
(44, 4, 53030, 2019, 8),
(45, 4, 31455, 2019, 9),
(46, 4, 47110, 2019, 10),
(47, 4, 38052, 2019, 11),
(48, 4, 7643, 2019, 12),
(49, 5, 27659, 2019, 1),
(50, 5, 53265, 2019, 2),
(51, 5, 131849, 2019, 3),
(52, 5, 133843, 2019, 4),
(53, 5, 43516, 2019, 5),
(54, 5, 82158, 2019, 6),
(55, 5, 44290, 2019, 7),
(56, 5, 41467, 2019, 8),
(57, 5, 51423, 2019, 9),
(58, 5, 33778, 2019, 10),
(59, 5, 34252, 2019, 11),
(60, 5, 36266, 2019, 12),
(61, 6, 28108, 2019, 1),
(62, 6, 40606, 2019, 2),
(63, 6, 39406, 2019, 3),
(64, 6, 44955, 2019, 4),
(65, 6, 37215, 2019, 5),
(66, 6, 45312, 2019, 6),
(67, 6, 37499, 2019, 7),
(68, 6, 33254, 2019, 8),
(69, 6, 30628, 2019, 9),
(70, 6, 45888, 2019, 10),
(71, 6, 42434, 2019, 11),
(72, 6, 43712, 2019, 12),
(73, 7, 24167, 2019, 1),
(74, 7, 44003, 2019, 2),
(75, 7, 46344, 2019, 3),
(76, 7, 45917, 2019, 4),
(77, 7, 37508, 2019, 5),
(78, 7, 54834, 2019, 6),
(79, 7, 59303, 2019, 7),
(80, 7, 67573, 2019, 8),
(81, 7, 46038, 2019, 9),
(82, 7, 58419, 2019, 10),
(83, 7, 74151, 2019, 11),
(84, 7, 59243, 2019, 12),
(85, 8, 35287, 2019, 1),
(86, 8, 37730, 2019, 2),
(87, 8, 34293, 2019, 3),
(88, 8, 47182, 2019, 4),
(89, 8, 40755, 2019, 5),
(90, 8, 50246, 2019, 6),
(91, 8, 52741, 2019, 7),
(92, 8, 43875, 2019, 8),
(93, 8, 51621, 2019, 9),
(94, 8, 80294, 2019, 10),
(95, 8, 78972, 2019, 11),
(96, 8, 56932, 2019, 12),
(97, 9, 27352, 2019, 1),
(98, 9, 34907, 2019, 2),
(99, 9, 35222, 2019, 3),
(100, 9, 35030, 2019, 4),
(101, 9, 20767, 2019, 5),
(102, 9, 34606, 2019, 6),
(103, 9, 35373, 2019, 7),
(104, 9, 22122, 2019, 8),
(105, 9, 51528, 2019, 9),
(106, 9, 70039, 2019, 10),
(107, 9, 61916, 2019, 11),
(108, 9, 48972, 2019, 12),
(109, 10, 4101, 2019, 1),
(110, 10, 6642, 2019, 2),
(111, 10, 2501, 2019, 3),
(112, 10, 2095, 2019, 4),
(113, 10, 1658, 2019, 5),
(114, 10, 2087, 2019, 6),
(115, 10, 1524, 2019, 7),
(116, 10, 1441, 2019, 8),
(117, 10, 1427, 2019, 9),
(118, 10, 2640, 2019, 10),
(119, 10, 2395, 2019, 11),
(120, 10, 4980, 2019, 12),
(121, 11, 21924, 2019, 1),
(122, 11, 26010, 2019, 2),
(123, 11, 26386, 2019, 3),
(124, 11, 28353, 2019, 4),
(125, 11, 24358, 2019, 5),
(126, 11, 28632, 2019, 6),
(127, 11, 34775, 2019, 7),
(128, 11, 31287, 2019, 8),
(129, 11, 28446, 2019, 9),
(130, 11, 30436, 2019, 10),
(131, 11, 25996, 2019, 11),
(132, 11, 26551, 2019, 12),
(133, 12, 11190, 2019, 1),
(134, 12, 11363, 2019, 2),
(135, 12, 9086, 2019, 3),
(136, 12, 8806, 2019, 4),
(137, 12, 10814, 2019, 5),
(138, 12, 9319, 2019, 6),
(139, 12, 10718, 2019, 7),
(140, 12, 9276, 2019, 8),
(141, 12, 7502, 2019, 9),
(142, 12, 9474, 2019, 10),
(143, 12, 8179, 2019, 11),
(144, 12, 9109, 2019, 12),
(145, 13, 1987, 2019, 1),
(146, 13, 3, 2019, 2),
(147, 13, 3977, 2019, 3),
(148, 13, 5544, 2019, 4),
(149, 13, 5068, 2019, 5),
(150, 13, 5870, 2019, 6),
(151, 13, 5692, 2019, 7),
(152, 13, 4385, 2019, 8),
(153, 13, 6243, 2019, 9),
(154, 13, 6903, 2019, 10),
(155, 13, 6832, 2019, 11),
(156, 13, 5620, 2019, 12),
(157, 14, 41630, 2019, 1),
(158, 14, 52851, 2019, 2),
(159, 14, 64057, 2019, 3),
(160, 14, 64401, 2019, 4),
(161, 14, 70397, 2019, 5),
(162, 14, 66579, 2019, 6),
(163, 14, 57471, 2019, 7),
(164, 14, 48540, 2019, 8),
(165, 14, 60223, 2019, 9),
(166, 14, 63614, 2019, 10),
(167, 14, 62585, 2019, 11),
(168, 14, 51766, 2019, 12),
(169, 15, 6609, 2019, 1),
(170, 15, 9003, 2019, 2),
(171, 15, 9913, 2019, 3),
(172, 15, 10036, 2019, 4),
(173, 15, 6713, 2019, 5),
(174, 15, 10120, 2019, 6),
(175, 15, 14214, 2019, 7),
(176, 15, 12371, 2019, 8),
(177, 15, 7838, 2019, 9),
(178, 15, 11422, 2019, 10),
(179, 15, 8014, 2019, 11),
(180, 15, 7872, 2019, 12),
(181, 16, 4581, 2019, 1),
(182, 16, 11646, 2019, 2),
(183, 16, 8526, 2019, 3),
(184, 16, 7381, 2019, 4),
(185, 16, 4895, 2019, 5),
(186, 16, 8736, 2019, 6),
(187, 16, 11881, 2019, 7),
(188, 16, 9796, 2019, 8),
(189, 16, 14292, 2019, 9),
(190, 16, 15707, 2019, 10),
(191, 16, 14056, 2019, 11),
(192, 16, 8499, 2019, 12),
(193, 17, 11621, 2019, 1),
(194, 17, 42651, 2019, 2),
(195, 17, 20308, 2019, 3),
(196, 17, 8462, 2019, 4),
(197, 17, 4460, 2019, 5),
(198, 17, 8350, 2019, 6),
(199, 17, 16692, 2019, 7),
(200, 17, 10251, 2019, 8),
(201, 17, 8669, 2019, 9),
(202, 17, 12231, 2019, 10),
(203, 17, 14755, 2019, 11),
(204, 17, 13008, 2019, 12),
(205, 18, 5568, 2019, 1),
(206, 18, 4406, 2019, 2),
(207, 18, 4744, 2019, 3),
(208, 18, 6100, 2019, 4),
(209, 18, 6967, 2019, 5),
(210, 18, 5480, 2019, 6),
(211, 18, 6516, 2019, 7),
(212, 18, 6249, 2019, 8),
(213, 18, 4141, 2019, 9),
(214, 18, 10586, 2019, 10),
(215, 18, 7886, 2019, 11),
(216, 18, 7481, 2019, 12),
(217, 19, 52352, 2019, 1),
(218, 19, 86352, 2019, 2),
(219, 19, 60369, 2019, 3),
(220, 19, 72794, 2019, 4),
(221, 19, 87824, 2019, 5),
(222, 19, 69531, 2019, 6),
(223, 19, 88957, 2019, 7),
(224, 19, 99372, 2019, 8),
(225, 19, 39369, 2019, 9),
(226, 19, 52151, 2019, 10),
(227, 19, 37492, 2019, 11),
(228, 19, 39720, 2019, 12),
(229, 20, 51697, 2019, 1),
(230, 20, 65573, 2019, 2),
(231, 20, 78369, 2019, 3),
(232, 20, 90865, 2019, 4),
(233, 20, 102431, 2019, 5),
(234, 20, 66948, 2019, 6),
(235, 20, 74508, 2019, 7),
(236, 20, 73787, 2019, 8),
(237, 20, 27426, 2019, 9),
(238, 20, 32621, 2019, 10),
(239, 20, 36079, 2019, 11),
(240, 20, 37372, 2019, 12),
(241, 21, 10191, 2019, 1),
(242, 21, 16637, 2019, 2),
(243, 21, 11837, 2019, 3),
(244, 21, 12613, 2019, 4),
(245, 21, 11532, 2019, 5),
(246, 21, 10852, 2019, 6),
(247, 21, 15128, 2019, 7),
(248, 21, 12535, 2019, 8),
(249, 21, 12023, 2019, 9),
(250, 21, 15263, 2019, 10),
(251, 21, 12107, 2019, 11),
(252, 21, 11369, 2019, 12),
(253, 22, 8637, 2019, 1),
(254, 22, 9482, 2019, 2),
(255, 22, 8577, 2019, 3),
(256, 22, 8130, 2019, 4),
(257, 22, 7383, 2019, 5),
(258, 22, 7062, 2019, 6),
(259, 22, 5704, 2019, 7),
(260, 22, 4021, 2019, 8),
(261, 22, 7892, 2019, 9),
(262, 22, 13373, 2019, 10),
(263, 22, 9589, 2019, 11),
(264, 22, 9225, 2019, 12),
(265, 23, 25673, 2019, 1),
(266, 23, 38780, 2019, 2),
(267, 23, 41976, 2019, 3),
(268, 23, 48566, 2019, 4),
(269, 23, 50195, 2019, 5),
(270, 23, 61229, 2019, 6),
(271, 23, 50184, 2019, 7),
(272, 23, 42026, 2019, 8),
(273, 23, 20354, 2019, 9),
(274, 23, 23802, 2019, 10),
(275, 23, 15840, 2019, 11),
(276, 23, 12979, 2019, 12),
(277, 24, 8262, 2019, 1),
(278, 24, 6123, 2019, 2),
(279, 24, 4991, 2019, 3),
(280, 24, 6083, 2019, 4),
(281, 24, 5802, 2019, 5),
(282, 24, 7413, 2019, 6),
(283, 24, 7044, 2019, 7),
(284, 24, 13463, 2019, 8),
(285, 24, 8852, 2019, 9),
(286, 24, 9758, 2019, 10),
(287, 24, 9276, 2019, 11),
(288, 24, 8500, 2019, 12),
(289, 25, 15993, 2019, 1),
(290, 25, 28939, 2019, 2),
(291, 25, 16539, 2019, 3),
(292, 25, 15485, 2019, 4),
(293, 25, 13553, 2019, 5),
(294, 25, 15970, 2019, 6),
(295, 25, 18322, 2019, 7),
(296, 25, 13463, 2019, 8),
(297, 25, 8003, 2019, 9),
(298, 25, 10444, 2019, 10),
(299, 25, 9447, 2019, 11),
(300, 25, 11011, 2019, 12),
(301, 26, 59884, 2019, 1),
(302, 26, 60050, 2019, 2),
(303, 26, 71186, 2019, 3),
(304, 26, 72956, 2019, 4),
(305, 26, 84561, 2019, 5),
(306, 26, 85380, 2019, 6),
(307, 26, 100387, 2019, 7),
(308, 26, 88777, 2019, 8),
(309, 26, 53252, 2019, 9),
(310, 26, 68274, 2019, 10),
(311, 26, 66831, 2019, 11),
(312, 26, 55304, 2019, 12),
(313, 27, 19830, 2019, 1),
(314, 27, 18613, 2019, 2),
(315, 27, 16557, 2019, 3),
(316, 27, 14008, 2019, 4),
(317, 27, 15667, 2019, 5),
(318, 27, 20385, 2019, 6),
(319, 27, 18991, 2019, 7),
(320, 27, 13998, 2019, 8),
(321, 27, 13677, 2019, 9),
(322, 27, 20581, 2019, 10),
(323, 27, 19074, 2019, 11),
(324, 27, 14624, 2019, 12),
(325, 28, 254761, 2019, 1),
(326, 28, 393364, 2019, 2),
(327, 28, 273656, 2019, 3),
(328, 28, 286547, 2019, 4),
(329, 28, 254628, 2019, 5),
(330, 28, 305073, 2019, 6),
(331, 28, 425932, 2019, 7),
(332, 28, 312656, 2019, 8),
(333, 28, 284380, 2019, 9),
(334, 28, 382088, 2019, 10),
(335, 28, 307581, 2019, 11),
(336, 28, 275094, 2019, 12),
(337, 29, 10849, 2019, 1),
(338, 29, 9406, 2019, 2),
(339, 29, 11836, 2019, 3),
(340, 29, 13041, 2019, 4),
(341, 29, 15212, 2019, 5),
(342, 29, 13868, 2019, 6),
(343, 29, 14052, 2019, 7),
(344, 29, 12484, 2019, 8),
(345, 29, 10829, 2019, 9),
(346, 29, 13109, 2019, 10),
(347, 29, 13420, 2019, 11),
(348, 29, 13004, 2019, 12),
(349, 30, 30546, 2019, 1),
(350, 30, 32868, 2019, 2),
(351, 30, 43605, 2019, 3),
(352, 30, 46609, 2019, 4),
(353, 30, 58770, 2019, 5),
(354, 30, 53041, 2019, 6),
(355, 30, 56656, 2019, 7),
(356, 30, 45779, 2019, 8),
(357, 30, 30788, 2019, 9),
(358, 30, 46869, 2019, 10),
(359, 30, 44988, 2019, 11),
(360, 30, 33311, 2019, 12),
(361, 31, 7381, 2019, 1),
(362, 31, 7668, 2019, 2),
(363, 31, 11105, 2019, 3),
(364, 31, 12623, 2019, 4),
(365, 31, 18878, 2019, 5),
(366, 31, 17330, 2019, 6),
(367, 31, 15717, 2019, 7),
(368, 31, 11487, 2019, 8),
(369, 31, 13449, 2019, 9),
(370, 31, 12040, 2019, 10),
(371, 31, 0, 2019, 11),
(372, 31, 0, 2019, 12),
(373, 32, 12065, 2019, 1),
(374, 32, 12837, 2019, 2),
(375, 32, 15821, 2019, 3),
(376, 32, 16654, 2019, 4),
(377, 32, 23078, 2019, 5),
(378, 32, 22205, 2019, 6),
(379, 32, 22083, 2019, 7),
(380, 32, 16205, 2019, 8),
(381, 32, 22215, 2019, 9),
(382, 32, 29026, 2019, 10),
(383, 32, 24471, 2019, 11),
(384, 32, 19415, 2019, 12),
(385, 33, 5241, 2019, 1),
(386, 33, 5153, 2019, 2),
(387, 33, 9952, 2019, 3),
(388, 33, 10975, 2019, 4),
(389, 33, 16232, 2019, 5),
(390, 33, 17987, 2019, 6),
(391, 33, 15498, 2019, 7),
(392, 33, 9962, 2019, 8),
(393, 33, 15860, 2019, 9),
(394, 33, 24413, 2019, 10),
(395, 33, 19631, 2019, 11),
(396, 33, 15430, 2019, 12),
(397, 34, 9278, 2019, 1),
(398, 34, 8895, 2019, 2),
(399, 34, 11922, 2019, 3),
(400, 34, 12743, 2019, 4),
(401, 34, 17428, 2019, 5),
(402, 34, 16453, 2019, 6),
(403, 34, 15218, 2019, 7),
(404, 34, 11362, 2019, 8),
(405, 34, 15422, 2019, 9),
(406, 34, 25210, 2019, 10),
(407, 34, 19718, 2019, 11),
(408, 34, 17904, 2019, 12),
(409, 35, 5774, 2019, 1),
(410, 35, 6179, 2019, 2),
(411, 35, 10934, 2019, 3),
(412, 35, 11491, 2019, 4),
(413, 35, 16674, 2019, 5),
(414, 35, 17808, 2019, 6),
(415, 35, 16077, 2019, 7),
(416, 35, 10069, 2019, 8),
(417, 35, 16500, 2019, 9),
(418, 35, 25538, 2019, 10),
(419, 35, 20765, 2019, 11),
(420, 35, 16214, 2019, 12),
(421, 36, 15526, 2019, 1),
(422, 36, 15262, 2019, 2),
(423, 36, 11219, 2019, 3),
(424, 36, 11262, 2019, 4),
(425, 36, 14460, 2019, 5),
(426, 36, 14476, 2019, 6),
(427, 36, 13604, 2019, 7),
(428, 36, 10504, 2019, 8),
(429, 36, 9241, 2019, 9),
(430, 36, 12757, 2019, 10),
(431, 36, 10721, 2019, 11),
(432, 36, 7562, 2019, 12),
(433, 37, 17775, 2019, 1),
(434, 37, 16493, 2019, 2),
(435, 37, 25493, 2019, 3),
(436, 37, 24341, 2019, 4),
(437, 37, 30926, 2019, 5),
(438, 37, 21256, 2019, 6),
(439, 37, 20626, 2019, 7),
(440, 37, 19766, 2019, 8),
(441, 37, 10431, 2019, 9),
(442, 37, 15655, 2019, 10),
(443, 37, 14751, 2019, 11),
(444, 37, 13786, 2019, 12),
(445, 38, 20958, 2019, 1),
(446, 38, 18412, 2019, 2),
(447, 38, 31091, 2019, 3),
(448, 38, 28019, 2019, 4),
(449, 38, 36163, 2019, 5),
(450, 38, 33296, 2019, 6),
(451, 38, 31012, 2019, 7),
(452, 38, 25449, 2019, 8),
(453, 38, 24656, 2019, 9),
(454, 38, 40711, 2019, 10),
(455, 38, 35435, 2019, 11),
(456, 38, 30464, 2019, 12),
(457, 39, 15506, 2019, 1),
(458, 39, 13265, 2019, 2),
(459, 39, 13551, 2019, 3),
(460, 39, 13182, 2019, 4),
(461, 39, 16939, 2019, 5),
(462, 39, 17238, 2019, 6),
(463, 39, 15189, 2019, 7),
(464, 39, 12187, 2019, 8),
(465, 39, 11923, 2019, 9),
(466, 39, 14746, 2019, 10),
(467, 39, 12535, 2019, 11),
(468, 39, 8297, 2019, 12);

-- --------------------------------------------------------

--
-- 檢視表結構 `view_viewpoint`
--
DROP TABLE IF EXISTS `view_viewpoint`;

CREATE ALGORITHM=UNDEFINED DEFINER=`root`@`localhost` SQL SECURITY DEFINER VIEW `view_viewpoint`  AS  select `v`.`auto_id` AS `auto_id`,`t`.`type_id` AS `type_id`,`t`.`type_name` AS `type_name`,`a`.`area_id` AS `area_id`,`a`.`area_name` AS `area_name`,`c`.`city_id` AS `city_id`,`c`.`city_name` AS `city_name`,`v`.`name` AS `name`,`v`.`remark` AS `remark` from (((`viewpoint` `v` join `area` `a` on(`v`.`area` = `a`.`area_id`)) join `city` `c` on(`v`.`city` = `c`.`city_id`)) join `type` `t` on(`v`.`type` = `t`.`type_id`)) ;

--
-- 已傾印資料表的索引
--

--
-- 資料表索引 `address_book`
--
ALTER TABLE `address_book`
  ADD PRIMARY KEY (`sid`);

--
-- 資料表索引 `admins`
--
ALTER TABLE `admins`
  ADD PRIMARY KEY (`sid`);

--
-- 資料表索引 `area`
--
ALTER TABLE `area`
  ADD PRIMARY KEY (`area_id`);

--
-- 資料表索引 `city`
--
ALTER TABLE `city`
  ADD PRIMARY KEY (`city_id`);

--
-- 資料表索引 `type`
--
ALTER TABLE `type`
  ADD PRIMARY KEY (`type_id`);

--
-- 資料表索引 `viewpoint`
--
ALTER TABLE `viewpoint`
  ADD PRIMARY KEY (`auto_id`),
  ADD KEY `type` (`type`),
  ADD KEY `area` (`area`),
  ADD KEY `city` (`city`);

--
-- 資料表索引 `visitors`
--
ALTER TABLE `visitors`
  ADD PRIMARY KEY (`auto_id`),
  ADD KEY `v_id` (`v_id`),
  ADD KEY `year` (`year`),
  ADD KEY `month` (`month`);

--
-- 在傾印的資料表使用自動遞增(AUTO_INCREMENT)
--

--
-- 使用資料表自動遞增(AUTO_INCREMENT) `address_book`
--
ALTER TABLE `address_book`
  MODIFY `sid` int(11) NOT NULL AUTO_INCREMENT, AUTO_INCREMENT=13;

--
-- 使用資料表自動遞增(AUTO_INCREMENT) `admins`
--
ALTER TABLE `admins`
  MODIFY `sid` int(11) NOT NULL AUTO_INCREMENT, AUTO_INCREMENT=2;

--
-- 使用資料表自動遞增(AUTO_INCREMENT) `area`
--
ALTER TABLE `area`
  MODIFY `area_id` int(11) NOT NULL AUTO_INCREMENT, AUTO_INCREMENT=7;

--
-- 使用資料表自動遞增(AUTO_INCREMENT) `type`
--
ALTER TABLE `type`
  MODIFY `type_id` int(11) NOT NULL AUTO_INCREMENT, AUTO_INCREMENT=10;

--
-- 使用資料表自動遞增(AUTO_INCREMENT) `viewpoint`
--
ALTER TABLE `viewpoint`
  MODIFY `auto_id` int(11) NOT NULL AUTO_INCREMENT, AUTO_INCREMENT=40;

--
-- 使用資料表自動遞增(AUTO_INCREMENT) `visitors`
--
ALTER TABLE `visitors`
  MODIFY `auto_id` int(11) NOT NULL AUTO_INCREMENT, AUTO_INCREMENT=469;
COMMIT;

/*!40101 SET CHARACTER_SET_CLIENT=@OLD_CHARACTER_SET_CLIENT */;
/*!40101 SET CHARACTER_SET_RESULTS=@OLD_CHARACTER_SET_RESULTS */;
/*!40101 SET COLLATION_CONNECTION=@OLD_COLLATION_CONNECTION */;
